Aino001.png, 0
Aino002.png, 0
Aino003.png, 0
Aino004.png, 1
Aino005.png, 1
Aino006.png, 1
Aino007.png, 2
Aino008.png, 2
Aino009.png, 2
Aino010.png, 3
Aino011.png, 3
Aino012.png, 3
Aino013.png, 4
Aino014.png, 4
Aino015.png, 4
Aino016.png, 5
Aino017.png, 5
Aino018.png, 5
Aino019.png, 6
Aino020.png, 6
Aino021.png, 6
Aino022.png, 7
Aino023.png, 7
Aino024.png, 7
Aino025.png, 8 
Aino026.png, 8
Aino027.png, 8
Aino028.png, 9
Aino029.png, 9
Aino030.png, 9
anastasiia001.png, 0
anastasiia002.png, 0
anastasiia003.png, 0
anastasiia004.png, 1
anastasiia005.png, 1
anastasiia006.png, 1
anastasiia007.png, 2
anastasiia008.png, 2
anastasiia009.png, 2
anastasiia010.png, 3
anastasiia011.png, 3
anastasiia012.png, 3
anastasiia013.png, 4
anastasiia014.png, 4
anastasiia015.png, 4
anastasiia016.png, 5
anastasiia017.png, 5
anastasiia018.png, 5
anastasiia019.png, 6
anastasiia020.png, 6
anastasiia021.png, 6
anastasiia022.png, 7
anastasiia023.png, 7
anastasiia024.png, 7
anastasiia025.png, 8
anastasiia026.png, 8
anastasiia027.png, 8
anastasiia028.png, 9
anastasiia029.png, 9
anastasiia030.png, 9
sv001.png, 0
sv002.png, 0
sv003.png, 0
sv004.png, 1
sv005.png, 1
sv006.png, 1
sv007.png, 2
sv008.png, 2
sv009.png, 2
sv010.png, 3
sv011.png, 3
sv012.png, 3
sv013.png, 4
sv014.png, 4
sv015.png, 4
sv016.png, 5
sv017.png, 5
sv018.png, 5
sv019.png, 6
sv020.png, 6
sv021.png, 6
sv022.png, 7
sv023.png, 7
sv024.png, 7
sv025.png, 8
sv026.png, 8
sv027.png, 8
sv028.png, 9
sv029.png, 9
sv030.png, 9
brent001.png, 0
brent002.png, 0
brent003.png, 0
brent004.png, 1
brent005.png, 1
brent006.png, 1
brent007.png, 2
brent008.png, 2
brent009.png, 2
brent010.png, 3
brent011.png, 3
brent012.png, 3
brent013.png, 4
brent014.png, 4
brent015.png, 4
brent016.png, 5
brent017.png, 5
brent018.png, 5
brent019.png, 6
brent020.png, 6
brent021.png, 6
brent022.png, 7
brent023.png, 7
brent024.png, 7
brent025.png, 8
brent026.png, 8
brent027.png, 8
brent028.png, 9
brent029.png, 9
brent030.png, 9
daniel0_0.png, 0
daniel0_1.png, 0
daniel0_2.png, 0
daniel1_0.png, 1
daniel1_1.png, 1
daniel1_2.png, 1
daniel2_0.png, 2
daniel2_1.png, 2
daniel2_2.png, 2
daniel3_0.png, 3
daniel3_1.png, 3
daniel3_2.png, 3
daniel4_0.png, 4
daniel4_1.png, 4
daniel4_2.png, 4
daniel5_0.png, 5
daniel5_1.png, 5
daniel5_2.png, 5
daniel6_0.png, 6
daniel6_1.png, 6
daniel6_2.png, 6
daniel7_0.png, 7
daniel7_1.png, 7
daniel7_2.png, 7
daniel8_0.png, 8
daniel8_1.png, 8
daniel8_2.png, 8
daniel9_0.png, 9
daniel9_1.png, 9
daniel9_2.png, 9
nhan001.png,0
nhan002.png,0
nhan003.png,0
nhan004.png,1
nhan005.png,1
nhan006.png,1
nhan007.png,2
nhan008.png,2
nhan009.png,2
nhan010.png,3
nhan011.png,3
nhan012.png,3
nhan013.png,4
nhan014.png,4
nhan015.png,4
nhan016.png,5
nhan017.png,5
nhan018.png,5
nhan019.png,6
nhan020.png,6
nhan021.png,6
nhan022.png,7
nhan023.png,7
nhan024.png,7
nhan025.png,8
nhan026.png,8
nhan027.png,8
nhan028.png,9
nhan029.png,9
nhan030.png,9
ductran001.png ,0
ductran002.png ,0
ductran003.png ,0
ductran004.png ,1
ductran005.png ,1
ductran006.png ,1
ductran007.png ,2
ductran008.png ,2
ductran009.png ,2
ductran010.png ,3
ductran011.png ,3
ductran012.png ,3
ductran013.png ,4
ductran014.png ,4
ductran015.png ,4
ductran016.png ,5
ductran017.png ,5
ductran018.png ,5
ductran019.png ,6
ductran020.png ,6
ductran021.png ,6
ductran022.png ,7
ductran023.png ,7
ductran024.png ,7
ductran025.png ,8
ductran026.png ,8
ductran027.png ,8
ductran028.png ,9
ductran029.png ,9
ductran030.png ,9
george001.png,0
george002.png,0
george003.png,0
george004.png,1
george005.png,1
george006.png,1
george007.png,2
george008.png,2
george009.png,2
george0010.png,3
george0011.png,3
george0012.png,3
george0013.png,4
george0014.png,4
george0015.png,4
george0016.png,5
george0017.png,5
george0018.png,5
george0019.png,6
george0020.png,6
george0021.png,6
george0022.png,7
george0023.png,7
george0024.png,7
george0025.png,8
george0026.png,8
george0027.png,8
george0028.png,9
george0029.png,9
george0030.png,9
phuoc001.png, 0
phuoc002.png, 0
phuoc003.png, 0
phuoc004.png, 1
phuoc005.png, 1
phuoc006.png, 1
phuoc007.png, 2
phuoc008.png, 2
phuoc009.png, 2
phuoc010.png, 3
phuoc011.png, 3
phuoc012.png, 3
phuoc013.png, 4
phuoc014.png, 4
phuoc015.png, 4
phuoc016.png, 5
phuoc017.png, 5
phuoc018.png, 5
phuoc019.png, 6
phuoc020.png, 6
phuoc021.png, 6
phuoc022.png, 7
phuoc023.png, 7
phuoc024.png, 7
phuoc025.png, 8
phuoc026.png, 8
phuoc027.png, 8
phuoc028.png, 9
phuoc029.png, 9
phuoc030.png, 9
aki001.png,0
aki002.png,0
aki003.png,0
aki004.png,1
aki005.png,1
aki006.png,1
aki007.png,2
aki008.png,2
aki009.png,2
aki010.png,3
aki011.png,3
aki012.png,3
aki013.png,4
aki014.png,4
aki015.png,4
aki016.png,5
aki017.png,5
aki018.png,5
aki019.png,6
aki020.png,6
aki021.png,6
aki022.png,7
aki023.png,7
aki024.png,7
aki025.png,8
aki026.png,8
aki027.png,8
aki028.png,9
aki029.png,9
aki030.png,9
Henri000.png, 0
Henri001.png, 0
Henri002.png, 0
Henri003.png, 1
Henri004.png, 1
Henri005.png, 1
Henri006.png, 2
Henri007.png, 2
Henri008.png, 2
Henri009.png, 3
Henri010.png, 3
Henri011.png, 3
Henri012.png, 4
Henri013.png, 4
Henri014.png, 4
Henri015.png, 5
Henri016.png, 5
Henri017.png, 5
Henri018.png, 6
Henri019.png, 6
Henri020.png, 6
Henri021.png, 7
Henri022.png, 7
Henri023.png, 7
Henri024.png, 8
Henri025.png, 8
Henri026.png, 8
Henri027.png, 9
Henri028.png, 9
Henri029.png, 9
hieu001.png, 0
hieu002.png, 0
hieu003.png, 0
hieu004.png, 1
hieu005.png, 1
hieu006.png, 1
hieu007.png, 2
hieu008.png, 2
hieu009.png, 2
hieu010.png, 3
hieu011.png, 3
hieu012.png, 3
hieu013.png, 4
hieu014.png, 4
hieu015.png, 4
hieu016.png, 5
hieu017.png, 5
hieu018.png, 5
hieu019.png, 6
hieu020.png, 6
hieu021.png, 6
hieu022.png, 7
hieu023.png, 7
hieu024.png, 7
hieu025.png, 8
hieu026.png, 8
hieu027.png, 8
hieu028.png, 9
hieu029.png, 9
hieu030.png, 9
Hoang001.png, 0
Hoang002.png, 0
Hoang003.png, 0
Hoang004.png, 1
Hoang005.png, 1
Hoang006.png, 1
Hoang007.png, 2
Hoang008.png, 2
Hoang009.png, 2
Hoang010.png, 3
Hoang011.png, 3
Hoang012.png, 3
Hoang013.png, 4
Hoang014.png, 4
Hoang015.png, 4
Hoang016.png, 5
Hoang017.png, 5
Hoang018.png, 5
Hoang019.png, 6
Hoang020.png, 6
Hoang021.png, 6
Hoang022.png, 7
Hoang023.png, 7
Hoang024.png, 7
Hoang025.png, 8
Hoang026.png, 8
Hoang027.png, 8
Hoang028.png, 9
Hoang029.png, 9
Hoang030.png, 9
hugo001.png,0
hugo002.png,0
hugo003.png,0
hugo004.png,1
hugo005.png,1
hugo006.png,1
hugo007.png,2
hugo008.png,2
hugo009.png,2
hugo010.png,3
hugo011.png,3
hugo012.png,3
hugo013.png,4
hugo014.png,4
hugo015.png,4
hugo016.png,5
hugo017.png,5
hugo018.png,5
hugo019.png,6
hugo020.png,6
hugo021.png,6
hugo022.png,7
hugo023.png,7
hugo024.png,7
hugo025.png,8
hugo026.png,8
hugo027.png,8
hugo028.png,9
hugo029.png,9
hugo030.png,9
huynh0_1.png,0
huynh0_2.png,0
huynh0_2.png,0
huynh1_1.png,1
huynh1_2.png,1
huynh1_3.png,1
huynh2_1.png,2
huynh2_2.png,2
huynh2_3.png,2
huynh3_1.png,3
huynh3_2.png,3
huynh3_3.png,3
huynh4_1.png,4
huynh4_2.png,4
huynh4_3.png,4
huynh5_1.png,5
huynh5_2.png,5
huynh5_3.png,5
huynh6_1.png,6
huynh6_2.png,6
huynh6_3.png,6
huynh7_1.png,7
huynh7_2.png,7
huynh7_3.png,7
huynh8_1.png,8
huynh8_2.png,8
huynh8_3.png,8
huynh9_1.png,9
huynh9_2.png,9
huynh9_3.png,9
kasher001.png, 0
kasher002.png, 0
kasher003.png, 0
kasher004.png, 1
kasher005.png, 1
kasher006.png, 1
kasher007.png, 2
kasher008.png, 2
kasher009.png, 2
kasher010.png, 3
kasher011.png, 3 
kasher012.png, 3
kasher013.png, 4
kasher014.png, 4
kasher015.png, 4
kasher016.png, 5
kasher017.png, 5
kasher018.png, 5
kasher019.png, 6
kasher020.png, 6
kasher021.png, 6
kasher022.png, 7
kasher023.png, 7
kasher024.png, 7
kasher025.png, 8
kasher026.png, 8
kasher027.png, 8
kasher028.png, 9
kasher029.png, 9
kasher030.png, 9
nicole001.png,0
nicole002.png,0
nicole003.png,0
nicole004.png,1
nicole005.png,1
nicole006.png,1
nicole007.png,2
nicole008.png,2
nicole009.png,2
nicole010.png,3
nicole011.png,3
nicole012.png,3
nicole013.png,4
nicole014.png,4
nicole015.png,4
nicole016.png,5
nicole017.png,5
nicole018.png,5
nicole019.png,6
nicole020.png,6
nicole021.png,6
nicole022.png,7
nicole023.png,7
nicole024.png,7
nicole025.png,8
nicole026.png,8
nicole027.png,8
nicole028.png,9
nicole029.png,9
nicole030.png,9
erlismarko-001.png,0
erlismarko-002.png,0
erlismarko-003.png,0
erlismarko-004.png,1
erlismarko-005.png,1
erlismarko-006.png,1
erlismarko-007.png,2
erlismarko-008.png,2
erlismarko-009.png,2
erlismarko-010.png,3
erlismarko-011.png,3
erlismarko-012.png,3
erlismarko-013.png,4
erlismarko-014.png,4
erlismarko-015.png,4
erlismarko-016.png,5
erlismarko-017.png,5
erlismarko-018.png,5
erlismarko-019.png,6
erlismarko-020.png,6
erlismarko-021.png,6
erlismarko-022.png,7
erlismarko-023.png,7
erlismarko-024.png,7
erlismarko-025.png,8
erlismarko-026.png,8
erlismarko-027.png,8
erlismarko-028.png,9
erlismarko-029.png,9
erlismarko-030.png,9
IndreD (1).png,0
IndreD (2).png,0
IndreD (3).png,0
IndreD (4).png,1
IndreD (5).png,1
IndreD (6).png,1
IndreD (7).png,2
IndreD (8).png,2
IndreD (9).png,2
IndreD (10).png,3
IndreD (11).png,3
IndreD (12).png,3
IndreD (13).png,4
IndreD (14).png,4
IndreD (15).png,4
IndreD (16).png,5
IndreD (17).png,5
IndreD (18).png,5
IndreD (19).png,6
IndreD (20).png,6
IndreD (21).png,6
IndreD (22).png,7
IndreD (23).png,7
IndreD (24).png,7
IndreD (25).png,8
IndreD (26).png,8
IndreD (27).png,8
IndreD (28).png,9
IndreD (29).png,9
IndreD (30).png,9
Mati001.png,0
Mati002.png,0
Mati003.png,0
Mati004.png,1
Mati005.png,1
Mati006.png,1
Mati007.png,2
Mati008.png,2
Mati009.png,2
Mati010.png,3
Mati011.png,3
Mati012.png,3
Mati013.png,4
Mati014.png,4
Mati015.png,4
Mati016.png,5
Mati017.png,5
Mati018.png,5
Mati019.png,6
Mati020.png,6
Mati021.png,6
Mati022.png,7
Mati023.png,7
Mati024.png,7
Mati025.png,8
Mati026.png,8
Mati027.png,8
Mati028.png,9
Mati029.png,9
Mati030.png,9
Jacques001.png, 0
Jacques002.png, 0
Jacques003.png, 0
Jacques004.png, 1
Jacques005.png, 1
Jacques006.png, 1
Jacques007.png, 2
Jacques008.png, 2
Jacques009.png, 2
Jacques010.png, 3
Jacques011.png, 3
Jacques012.png, 3
Jacques013.png, 4
Jacques014.png, 4
Jacques015.png, 4
Jacques016.png, 5
Jacques017.png, 5
Jacques018.png, 5
Jacques019.png, 6
Jacques020.png, 6
Jacques021.png, 6
Jacques022.png, 7
Jacques023.png, 7
Jacques024.png, 7
Jacques025.png, 8
Jacques026.png, 8
Jacques027.png, 8
Jacques028.png, 9
Jacques029.png, 9
Jacques030.png, 9
eva001.png, 0
eva002.png, 0
eva003.png, 0
eva004.png, 1
eva005.png, 1
eva006.png, 1
eva007.png, 2
eva008.png, 2
eva009.png, 2
eva010.png, 3
eva011.png, 3
eva012.png, 3
eva013.png, 4
eva014.png, 4
eva015.png, 4
eva016.png, 5
eva017.png, 5
eva018.png, 5
eva019.png, 6
eva020.png, 6
eva021.png, 6
eva022.png, 7
eva023.png, 7
eva024.png, 7
eva025.png, 8
eva026.png, 8
eva027.png, 8
eva028.png, 9
eva029.png, 9
eva030.png, 9
John001.png,0
John002.png,0
John003.png,0
John004.png,1
John005.png,1
John006.png,1
John007.png,2
John008.png,2
John009.png,2
John010.png,3
John011.png,3
John012.png,3
John013.png,4
John014.png,4
John015.png,4
John016.png,5
John017.png,5
John018.png,5
John019.png,6
John020.png,6
John021.png,6
John022.png,7
John023.png,7
John024.png,7
John025.png,8
John026.png,8
John027.png,8
John028.png,9
John029.png,9
John030.png,9
Joonas001.png, 0
Joonas002.png, 0
Joonas003.png, 0
Joonas004.png, 1
Joonas005.png, 1
Joonas006.png, 1
Joonas007.png, 2
Joonas008.png, 2
Joonas009.png, 2
Joonas010.png, 3
Joonas011.png, 3
Joonas012.png, 3
Joonas013.png, 4
Joonas014.png, 4
Joonas015.png, 4
Joonas016.png, 5
Joonas017.png, 5
Joonas018.png, 5
Joonas019.png, 6
Joonas020.png, 6
Joonas021.png, 6
Joonas022.png, 7
Joonas023.png, 7
Joonas024.png, 7
Joonas025.png, 8
Joonas026.png, 8
Joonas027.png, 8
Joonas028.png, 9
Joonas029.png, 9
Joonas030.png, 9
Kati0_0.png, 0
Kati0_1.png, 0
Kati0_2.png, 0
Kati1_0.png, 1
Kati1_1.png, 1
Kati1_2.png, 1
Kati2_0.png, 2
Kati2_1.png, 2
Kati2_2.png, 2
Kati3_0.png, 3
Kati3_1.png, 3
Kati3_2.png, 3
Kati4_0.png, 4
Kati4_1.png, 4
Kati4_2.png, 4
Kati5_0.png, 5
Kati5_1.png, 5
Kati5_2.png, 5
Kati6_0.png, 6
Kati6_1.png, 6
Kati6_2.png, 6
Kati7_0.png, 7
Kati7_1.png, 7
Kati7_2.png, 7
Kati8_0.png, 8
Kati8_1.png, 8
Kati8_2.png, 8
Kati9_0.png, 9
Kati9_1.png, 9
Kati9_2.png, 9
manuel001.png,0
manuel002.png,0
manuel003.png,0
manuel004.png,1
manuel005.png,1
manuel006.png,1
manuel007.png,2
manuel008.png,2
manuel009.png,2
manuel010.png,3
manuel011.png,3
manuel012.png,3
manuel013.png,4
manuel014.png,4
manuel015.png,4
manuel016.png,5
manuel017.png,5
manuel018.png,5
manuel019.png,6
manuel020.png,6
manuel021.png,6
manuel022.png,7
manuel023.png,7
manuel024.png,7
manuel025.png,8
manuel026.png,8
manuel027.png,8
manuel028.png,9
manuel029.png,9
manuel030.png,9
marco001.png, 0
marco002.png, 0
marco003.png, 0
marco004.png, 1
marco005.png, 1
marco006.png, 1
marco007.png, 2
marco008.png, 2
marco009.png, 2
marco010.png, 3
marco011.png, 3
marco012.png, 3
marco013.png, 4
marco014.png, 4
marco015.png, 4
marco016.png, 5
marco017.png, 5
marco018.png, 5
marco019.png, 6
marco020.png, 6
marco021.png, 6
marco022.png, 7
marco023.png, 7
marco024.png, 7
marco025.png, 8
marco026.png, 8
marco027.png, 8
marco028.png, 9
marco029.png, 9
marco030.png, 9
yigit001.png,0
yigit002.png,0
yigit003.png,0
yigit004.png,1
yigit005.png,1
yigit006.png,1
yigit007.png,2
yigit008.png,2
yigit009.png,2
yigit010.png,3
yigit011.png,3
yigit012.png,3
yigit013.png,4
yigit014.png,4
yigit015.png,4
yigit016.png,5
yigit017.png,5
yigit018.png,5
yigit019.png,6
yigit020.png,6
yigit021.png,6
yigit022.png,7
yigit023.png,7
yigit024.png,7
yigit025.png,8
yigit026.png,8
yigit027.png,8
yigit028.png,9
yigit029.png,9
yigit030.png,9
morad001.png, 0
morad002.png, 0
morad003.png, 0
morad004.png, 1
morad005.png, 1
morad006.png, 1
morad007.png, 2
morad008.png, 2
morad009.png, 2
morad010.png, 3
morad011.png, 3
morad012.png, 3
morad013.png, 4
morad014.png, 4
morad015.png, 4
morad016.png, 5
morad017.png, 5
morad018.png, 5
morad019.png, 6
morad020.png, 6
morad021.png, 6
morad022.png, 7
morad023.png, 7
morad024.png, 7
morad025.png, 8
morad026.png, 8
morad027.png, 8
morad028.png, 9
morad029.png, 9
morad030.png, 9
riku001.png,0
riku002.png,0
riku003.png,0
riku004.png,1
riku005.png,1
riku006.png,1
riku007.png,2
riku008.png,2
riku009.png,2
riku010.png,3
riku011.png,3
riku012.png,3
riku013.png,4
riku014.png,4
riku015.png,4
riku016.png,5
riku017.png,5
riku018.png,5
riku019.png,6
riku020.png,6
riku021.png,6
riku022.png,7
riku023.png,7
riku024.png,7
riku025.png,8
riku026.png,8
riku027.png,8
riku028.png,9
riku029.png,9
riku030.png,9
aditya001.png,0
aditya002.png,0
aditya003.png,0
aditya004.png,1
aditya005.png,1
aditya006.png,1
aditya007.png,2
aditya008.png,2
aditya009.png,2
aditya010.png,3
aditya011.png,3
aditya012.png,3
aditya013.png,4
aditya014.png,4
aditya015.png,4
aditya016.png,5
aditya017.png,5
aditya018.png,5
aditya019.png,6
aditya020.png,6
aditya021.png,6
aditya022.png,7
aditya023.png,7
aditya024.png,7
aditya025.png,8
aditya026.png,8
aditya027.png,8
aditya028.png,9
aditya029.png,9
aditya030.png,9
Paulius (1).png,0
Paulius (2).png,0
Paulius (3).png,0
Paulius (4).png,1
Paulius (5).png,1
Paulius (6).png,1
Paulius (7).png,2
Paulius (8).png,2
Paulius (9).png,2
Paulius (10).png,3
Paulius (11).png,3
Paulius (12).png,3
Paulius (13).png,4
Paulius (14).png,4
Paulius (15).png,4
Paulius (16).png,5
Paulius (17).png,5
Paulius (18).png,5
Paulius (19).png,6
Paulius (20).png,6
Paulius (21).png,6
Paulius (22).png,7
Paulius (23).png,7
Paulius (24).png,7
Paulius (25).png,8
Paulius (26).png,8
Paulius (27).png,8
Paulius (28).png,9
Paulius (29).png,9
Paulius (30).png,9
pekka001.png, 0
pekka002.png, 0
pekka003.png, 0
pekka004.png, 1
pekka005.png, 1
pekka006.png, 1
pekka007.png, 2
pekka008.png, 2
pekka009.png, 2
pekka010.png, 3
pekka011.png, 3
pekka012.png, 3
pekka013.png, 4
pekka014.png, 4
pekka015.png, 4
pekka016.png, 5
pekka017.png, 5
pekka018.png, 5
pekka019.png, 6
pekka020.png, 6
pekka021.png, 6
pekka022.png, 7
pekka023.png, 7
pekka024.png, 7
pekka025.png, 8
pekka026.png, 8
pekka027.png, 8
pekka028.png, 9
pekka029.png, 9
pekka030.png, 9
ralf001.png,0
ralf002.png,0
ralf003.png,0
ralf004.png,1
ralf005.png,1
ralf006.png,1
ralf007.png,2
ralf008.png,2
ralf009.png,2
ralf010.png,3
ralf011.png,3
ralf012.png,3
ralf013.png,4
ralf014.png,4
ralf015.png,4
ralf016.png,5
ralf017.png,5
ralf018.png,5
ralf019.png,6
ralf020.png,6
ralf021.png,6
ralf022.png,7
ralf023.png,7
ralf024.png,7
ralf025.png,8
ralf026.png,8
ralf027.png,8
ralf028.png,9
ralf029.png,9
ralf030.png,9
Antti001.png, 0
Antti002.png, 0
Antti003.png, 0
Antti004.png, 1
Antti005.png, 1
Antti006.png, 1
Antti007.png, 2
Antti008.png, 2
Antti009.png, 2
Antti010.png, 3
Antti011.png, 3
Antti012.png, 3
Antti013.png, 4
Antti014.png, 4
Antti015.png, 4
Antti016.png, 5
Antti017.png, 5
Antti018.png, 5
Antti019.png, 6
Antti020.png, 6
Antti021.png, 6
Antti022.png, 7
Antti023.png, 7
Antti024.png, 7
Antti025.png, 8
Antti026.png, 8
Antti027.png, 8
Antti028.png, 9
Antti029.png, 9
Antti030.png, 9
teemu001.png, 0
teemu002.png, 0
teemu003.png, 0
teemu004.png, 1
teemu005.png, 1
teemu006.png, 1
teemu007.png, 2
teemu008.png, 2
teemu009.png, 2
teemu010.png, 3
teemu011.png, 3
teemu012.png, 3
teemu013.png, 4
teemu014.png, 4
teemu015.png, 4
teemu016.png, 5
teemu017.png, 5
teemu018.png, 5
teemu019.png, 6
teemu020.png, 6
teemu021.png, 6
teemu022.png, 7
teemu023.png, 7
teemu024.png, 7
teemu025.png, 8
teemu026.png, 8
teemu027.png, 8
teemu028.png, 9
teemu029.png, 9
teemu030.png, 9
tony001.png,0
tony002.png,0
tony003.png,0
tony004.png,1
tony005.png,1
tony006.png,1
tony007.png,2
tony008.png,2
tony009.png,2
tony010.png,3
tony011.png,3
tony012.png,3
tony013.png,4
tony014.png,4
tony015.png,4
tony016.png,5
tony017.png,5
tony018.png,5
tony019.png,6
tony020.png,6
tony021.png,6
tony022.png,7
tony023.png,7
tony024.png,7
tony025.png,8
tony026.png,8
tony027.png,8
tony028.png,9
tony029.png,9
tony030.png,9
tri001.png,0
tri002.png,0
tri003.png,0
tri004.png,1
tri005.png,1
tri006.png,1
tri007.png,2
tri008.png,2
tri009.png,2
tri010.png,3
tri011.png,3
tri012.png,3
tri013.png,4
tri014.png,4
tri015.png,4
tri016.png,5
tri017.png,5
tri018.png,5
tri019.png,6
tri020.png,6
tri021.png,6
tri022.png,7
tri023.png,7
tri024.png,7
tri025.png,8
tri026.png,8
tri027.png,8
tri028.png,9
tri029.png,9
tri030.png,9
tuan028.png,0
tuan029.png,0
tuan030.png,0
tuan001.png,1
tuan002.png,1
tuan003.png,1
tuan004.png,2
tuan005.png,2
tuan006.png,2
tuan007.png,3
tuan008.png,3
tuan009.png,3
tuan010.png,4
tuan011.png,4
tuan012.png,4
tuan013.png,5
tuan014.png,5
tuan015.png,5
tuan016.png,6
tuan017.png,6
tuan018.png,6
tuan019.png,7
tuan020.png,7
tuan021.png,7
tuan022.png,8
tuan023.png,8
tuan024.png,8
tuan025.png,9
tuan026.png,9
tuan027.png,9
Vinh001.png,0
Vinh002.png,0
Vinh003.png,0
Vinh004.png,1
Vinh005.png,1
Vinh006.png,1
Vinh007.png,2
Vinh008.png,2
Vinh009.png,2
Vinh010.png,3
Vinh011.png,3
Vinh012.png,3
Vinh013.png,4
Vinh014.png,4
Vinh015.png,4
Vinh016.png,5
Vinh017.png,5
Vinh018.png,5
Vinh019.png,6
Vinh020.png,6
Vinh021.png,6
Vinh022.png,7
Vinh023.png,7
Vinh024.png,7
Vinh025.png,8
Vinh026.png,8
Vinh027.png,8
Vinh028.png,9
Vinh029.png,9
Vinh030.png,9
sachin001.png,0
sachin002.png,0
sachin003.png,0
sachin004.png,1
sachin005.png,1
sachin006.png,1
sachin007.png,2
sachin008.png,2
sachin009.png,2
sachin010.png,3
sachin011.png,3
sachin012.png,3
sachin013.png,4
sachin014.png,4
sachin015.png,4
sachin016.png,5
sachin017.png,5
sachin018.png,5
sachin019.png,6
sachin020.png,6
sachin021.png,6
sachin022.png,7
sachin023.png,7
sachin024.png,7
sachin025.png,8
sachin026.png,8
sachin027.png,8
sachin028.png,9
sachin029.png,9
sachin030.png,9
Thi001.png,0
Thi002.png,0
Thi003.png,0
Thi004.png,1
Thi005.png,1
Thi006.png,1
Thi007.png,2
Thi008.png,2
Thi009.png,2
Thi010.png,3
Thi011.png,3
Thi012.png,3
Thi013.png,4
Thi014.png,4
Thi015.png,4
Thi016.png,5
Thi017.png,5
Thi018.png,5
Thi019.png,6
Thi020.png,6
Thi021.png,6
Thi022.png,7
Thi023.png,7
Thi024.png,7
Thi025.png,8
Thi026.png,8
Thi027.png,8
Thi028.png,9
Thi029.png,9
Thi030.png,9
taro001.png,0
taro002.png,0
taro003.png,0
taro004.png,1
taro005.png,1
taro006.png,1
taro007.png,2
taro008.png,2
taro009.png,2
taro010.png,3
taro011.png,3
taro012.png,3
taro013.png,4
taro014.png,4
taro015.png,4
taro016.png,5
taro017.png,5
taro018.png,5
taro019.png,6
taro020.png,6
taro021.png,6
taro022.png,7
taro023.png,7
taro024.png,7
taro025.png,8
taro026.png,8
taro027.png,8
taro028.png,9
taro029.png,9
taro030.png,9
bang001.png, 0
bang002.png, 0
bang003.png, 0
bang004.png, 1
bang005.png, 1
bang006.png, 1
bang007.png, 2
bang008.png, 2
bang009.png, 2
bang010.png, 3
bang011.png, 3
bang012.png, 3
bang013.png, 4
bang014.png, 4
bang015.png, 4
bang016.png, 5
bang017.png, 5
bang018.png, 5
bang019.png, 6
bang020.png, 6
bang021.png, 6
bang022.png, 7
bang023.png, 7
bang024.png, 7
bang025.png, 8
bang026.png, 8
bang027.png, 8
bang028.png, 9
bang029.png, 9
bang030.png, 9
cheukkiu001.png,0
cheukkiu002.png,0
cheukkiu003.png,0
cheukkiu004.png,1
cheukkiu005.png,1
cheukkiu006.png,1
cheukkiu007.png,2
cheukkiu008.png,2
cheukkiu009.png,2
cheukkiu010.png,3
cheukkiu011.png,3
cheukkiu012.png,3
cheukkiu013.png,4
cheukkiu014.png,4
cheukkiu015.png,4
cheukkiu016.png,5
cheukkiu017.png,5
cheukkiu018.png,5
cheukkiu019.png,6
cheukkiu020.png,6
cheukkiu021.png,6
cheukkiu022.png,7
cheukkiu023.png,7
cheukkiu024.png,7
cheukkiu025.png,8
cheukkiu026.png,8
cheukkiu027.png,8
cheukkiu028.png,9
cheukkiu029.png,9
cheukkiu030.png,9
conny001.png,0
conny002.png,0
conny003.png,0
conny004.png,1
conny005.png,1
conny006.png,1
conny007.png,2
conny008.png,2
conny009.png,2
conny010.png,3
conny011.png,3
conny012.png,3
conny013.png,4
conny014.png,4
conny015.png,4
conny016.png,5
conny017.png,5
conny018.png,5
conny019.png,6
conny020.png,6
conny021.png,6
conny022.png,7
conny023.png,7
conny024.png,7
conny025.png,8
conny026.png,8
conny027.png,8
conny028.png,9
conny029.png,9
conny030.png,9
dan001.png,0
dan002.png,0
dan003.png,0
dan004.png,1
dan005.png,1
dan006.png,1
dan007.png,2
dan008.png,2
dan009.png,2
dan010.png,3
dan011.png,3
dan012.png,3
dan013.png,4
dan014.png,4
dan015.png,4
dan016.png,5
dan017.png,5
dan018.png,5
dan019.png,6
dan020.png,6
dan021.png,6
dan022.png,7
dan023.png,7
dan024.png,7
dan025.png,8
dan026.png,8
dan027.png,8
dan028.png,9
dan029.png,9
dan030.png,9
faruk001.png, 0
faruk002.png, 0
faruk003.png, 0
faruk004.png, 1
faruk005.png, 1
faruk006.png, 1
faruk007.png, 2
faruk008.png, 2
faruk009.png, 2
faruk010.png, 3
faruk011.png, 3
faruk012.png, 3
faruk013.png, 4
faruk014.png, 4
faruk015.png, 4
faruk016.png, 5
faruk017.png, 5
faruk018.png, 5
faruk019.png, 6
faruk020.png, 6
faruk021.png, 6
faruk022.png, 7
faruk023.png, 7
faruk024.png, 7
faruk025.png, 8
faruk026.png, 8
faruk027.png, 8
faruk028.png, 9
faruk029.png, 9
faruk030.png, 9
liyen001.png,0
liyen002.png,0
liyen003.png,0
liyen004.png,1
liyen005.png,1
liyen006.png,1
liyen007.png,2
liyen008.png,2
liyen009.png,2
liyen010.png,3
liyen011.png,3
liyen012.png,3
liyen013.png,4
liyen014.png,4
liyen015.png,4
liyen016.png,5
liyen017.png,5
liyen018.png,5
liyen019.png,6
liyen020.png,6
liyen021.png,6
liyen022.png,7
liyen023.png,7
liyen024.png,7
liyen025.png,8
liyen026.png,8
liyen027.png,8
liyen028.png,9
liyen029.png,9
liyen030.png,9
tung001.png, 0
tung002.png, 0
tung003.png, 0
tung004.png, 1
tung005.png, 1
tung006.png, 1
tung007.png, 2
tung008.png, 2
tung009.png, 2
tung010.png, 3
tung011.png, 3
tung012.png, 3
tung013.png, 4
tung014.png, 4
tung015.png, 4
tung016.png, 5
tung017.png, 5
tung018.png, 5
tung019.png, 6
tung020.png, 6
tung021.png, 6
tung022.png, 7
tung023.png, 7
tung024.png, 7
tung025.png, 8
tung026.png, 8
tung027.png, 8
tung028.png, 9
tung029.png, 9
tung030.png, 9
dominik001.png,0
dominik002.png,0
dominik003.png,0
dominik004.png,1
dominik005.png,1
dominik006.png,1
dominik007.png,2
dominik008.png,2
dominik009.png,2
dominik010.png,3
dominik011.png,3
dominik012.png,3
dominik013.png,4
dominik014.png,4
dominik015.png,4
dominik016.png,5
dominik017.png,5
dominik018.png,5
dominik019.png,6
dominik020.png,6
dominik021.png,6
dominik022.png,7
dominik023.png,7
dominik024.png,7
dominik025.png,8
dominik026.png,8
dominik027.png,8
dominik028.png,9
dominik029.png,9
dominik030.png,9
janne000.png,0
janne001.png,1
janne002.png,2
janne003.png,3
janne004.png,4
janne005.png,5
janne006.png,6
janne007.png,7
janne008.png,8
janne009.png,9
janne010.png,0
janne011.png,1
janne012.png,2
janne013.png,3
janne014.png,4
janne015.png,5
janne016.png,6
janne017.png,7
janne018.png,8
janne019.png,9
janne020.png,0
janne021.png,1
janne022.png,2
janne023.png,3
janne024.png,4
janne025.png,5
janne026.png,6
janne027.png,7
janne028.png,8
janne029.png,9
minh001.png,0
minh002.png,0
minh003.png,0
minh004.png,1
minh005.png,1
minh006.png,1
minh007.png,2
minh008.png,2
minh009.png,2
minh010.png,3
minh011.png,3
minh012.png,3
minh013.png,4
minh014.png,4
minh015.png,4
minh016.png,5
minh017.png,5
minh018.png,5
minh019.png,6
minh020.png,6
minh021.png,6
minh022.png,7
minh023.png,7
minh024.png,7
minh025.png,8
minh026.png,8
minh027.png,8
minh028.png,9
minh029.png,9
minh030.png,9
tammyplatero001.png, 0
tammyplatero002.png, 0
tammyplatero003.png, 0
tammyplatero004.png, 1
tammyplatero005.png, 1
tammyplatero006.png, 1
tammyplatero007.png, 2
tammyplatero008.png, 2
tammyplatero009.png, 2
tammyplatero010.png, 3
tammyplatero011.png, 3
tammyplatero012.png, 3
tammyplatero013.png, 4
tammyplatero014.png, 4
tammyplatero015.png, 4
tammyplatero016.png, 5
tammyplatero017.png, 5
tammyplatero018.png, 5
tammyplatero019.png, 6
tammyplatero020.png, 6
tammyplatero021.png, 6
tammyplatero022.png, 7
tammyplatero023.png, 7
tammyplatero024.png, 7
tammyplatero025.png, 8
tammyplatero026.png, 8
tammyplatero027.png, 8
tammyplatero028.png, 9
tammyplatero029.png, 9
tammyplatero030.png, 9
ilkka001.png, 0
ilkka002.png, 0
ilkka003.png, 0
ilkka004.png, 1
ilkka005.png, 1
ilkka006.png, 1
ilkka007.png, 2
ilkka008.png, 2
ilkka009.png, 2
ilkka010.png, 3
ilkka011.png, 3
ilkka012.png, 3
ilkka013.png, 4
ilkka014.png, 4
ilkka015.png, 4
ilkka016.png, 5
ilkka017.png, 5
ilkka018.png, 5
ilkka019.png, 6
ilkka020.png, 6
ilkka021.png, 6
ilkka022.png, 7
ilkka023.png, 7
ilkka024.png, 7
ilkka025.png, 8
ilkka026.png, 8
ilkka027.png, 8
ilkka028.png, 9
ilkka029.png, 9
ilkka030.png, 9
[Megi]001.png, 0
[Megi]002.png, 0
[Megi]003.png, 0
[Megi]004.png, 1
[Megi]005.png, 1
[Megi]006.png, 1
[Megi]007.png, 2
[Megi]008.png, 2
[Megi]009.png, 2
[Megi]010.png, 3
[Megi]011.png, 3
[Megi]012.png, 3
[Megi]013.png, 4
[Megi]014.png, 4
[Megi]015.png, 4
[Megi]016.png, 5
[Megi]017.png, 5
[Megi]018.png, 5
[Megi]019.png, 6
[Megi]020.png, 6
[Megi]021.png, 6
[Megi]022.png, 7
[Megi]023.png, 7
[Megi]024.png, 7
[Megi]025.png, 8
[Megi]026.png, 8
[Megi]027.png, 8
[Megi]028.png, 9
[Megi]029.png, 9
[Megi]030.png, 9
panyin001.png, 0
panyin002.png, 0
panyin003.png, 0
panyin004.png, 1
panyin005.png, 1
panyin006.png, 1
panyin007.png, 2
panyin008.png, 2
panyin009.png, 2
panyin010.png, 3
panyin011.png, 3
panyin012.png, 3
panyin013.png, 4
panyin014.png, 4
panyin015.png, 4
panyin016.png, 5
panyin017.png, 5
panyin018.png, 5
panyin019.png, 6
panyin020.png, 6
panyin021.png, 6
panyin022.png, 7
panyin023.png, 7
panyin024.png, 7
panyin025.png, 8
panyin026.png, 8
panyin027.png, 8
panyin028.png, 9
panyin029.png, 9
panyin030.png, 9
Chun On 001.png,0
Chun On 002.png,0
Chun On 003.png,0
Chun On 004.png,1
Chun On 005.png,1
Chun On 006.png,1
Chun On 007.png,2
Chun On 008.png,2
Chun On 009.png,2
Chun On 010.png,3
Chun On 011.png,3
Chun On 012.png,3
Chun On 013.png,4
Chun On 014.png,4
Chun On 015.png,4
Chun On 016.png,5
Chun On 017.png,5
Chun On 018.png,5
Chun On 019.png,6
Chun On 020.png,6
Chun On 021.png,6
Chun On 022.png,7
Chun On 023.png,7
Chun On 024.png,7
Chun On 025.png,8
Chun On 026.png,8
Chun On 027.png,8
Chun On 028.png,9
Chun On 029.png,9
Chun On 030.png,9
benleung001.png,0
benleung002.png,0
benleung003.png,0
benleung004.png,1
benleung005.png,1
benleung006.png,1
benleung007.png,2
benleung008.png,2
benleung009.png,2
benleung010.png,3
benleung011.png,3
benleung012.png,3
benleung013.png,4
benleung014.png,4
benleung015.png,4
benleung016.png,5
benleung017.png,5
benleung018.png,5
benleung019.png,6
benleung020.png,6
benleung021.png,6
benleung022.png,7
benleung023.png,7
benleung024.png,7
benleung025.png,8
benleung026.png,8
benleung027.png,8
benleung028.png,9
benleung029.png,9
benleung030.png,9
leonhard001.png,0
leonhard002.png,0
leonhard003.png,0
leonhard004.png,1
leonhard005.png,1
leonhard006.png,1
leonhard007.png,2
leonhard008.png,2
leonhard009.png,2
leonhard010.png,3
leonhard011.png,3
leonhard012.png,3
leonhard013.png,4
leonhard014.png,4
leonhard015.png,4
leonhard016.png,5
leonhard017.png,5
leonhard018.png,5
leonhard019.png,6
leonhard020.png,6
leonhard021.png,6
leonhard022.png,7
leonhard023.png,7
leonhard024.png,7
leonhard025.png,8
leonhard026.png,8
leonhard027.png,8
leonhard028.png,9
leonhard029.png,9
leonhard030.png,9
youqin001.png,0
youqin002.png,0
youqin003.png,0
youqin004.png,1
youqin005.png,1
youqin006.png,1
youqin007.png,2
youqin008.png,2
youqin009.png,2
youqin010.png,3
youqin011.png,3
youqin012.png,3
youqin013.png,4
youqin014.png,4
youqin015.png,4
youqin016.png,5
youqin017.png,5
youqin018.png,5
youqin019.png,6
youqin020.png,6
youqin021.png,6
youqin022.png,7
youqin023.png,7
youqin024.png,7
youqin025.png,8
youqin026.png,8
youqin027.png,8
youqin028.png,9
youqin029.png,9
youqin030.png,9
chunhong001.png,0
chunhong002.png,0
chunhong003.png,0
chunhong004.png,1
chunhong005.png,1
chunhong006.png,1
chunhong007.png,2
chunhong008.png,2
chunhong009.png,2
chunhong010.png,3
chunhong011.png,3
chunhong012.png,3
chunhong013.png,4
chunhong014.png,4
chunhong015.png,4
chunhong016.png,5
chunhong017.png,5
chunhong018.png,5
chunhong019.png,6
chunhong020.png,6
chunhong021.png,6
chunhong022.png,7
chunhong023.png,7
chunhong024.png,7
chunhong025.png,8
chunhong026.png,8
chunhong027.png,8
chunhong028.png,9
chunhong029.png,9
chunhong029.png,9
hamed001.png, 0
hamed002.png, 0
hamed003.png, 0
hamed004.png, 1
hamed005.png, 1
hamed006.png, 1
hamed007.png, 2
hamed008.png, 2
hamed009.png, 2
hamed000.png, 3
hamed010.png, 3
hamed011.png, 3
hamed012.png, 4
hamed013.png, 4
hamed014.png, 4
hamed015.png, 5
hamed016.png, 5
hamed017.png, 5
hamed018.png, 6
hamed019.png, 6
hamed020.png, 6
hamed021.png, 7
hamed022.png, 7
hamed023.png, 7
hamed024.png, 8
hamed025.png, 8
hamed026.png, 8
hamed027.png, 9
hamed028.png, 9
hamed029.png, 9
jannes001.png, 0
jannes002.png, 0
jannes003.png, 0
jannes004.png, 1
jannes005.png, 1
jannes006.png, 1
jannes007.png, 2
jannes008.png, 2
jannes009.png, 2
jannes010.png, 3
jannes011.png, 3
jannes012.png, 3
jannes013.png, 4
jannes014.png, 4
jannes015.png, 4
jannes016.png, 5
jannes017.png, 5
jannes018.png, 5
jannes019.png, 6
jannes020.png, 6
jannes021.png, 6
jannes022.png, 7
jannes023.png, 7
jannes024.png, 7
jannes025.png, 8
jannes026.png, 8
jannes027.png, 8
jannes028.png, 9
jannes029.png, 9
jannes030.png, 9
jussi001.png,0
jussi002.png,0
jussi003.png,0
jussi004.png,1
jussi005.png,1
jussi006.png,1
jussi007.png,2
jussi008.png,2
jussi009.png,2
jussi010.png,3
jussi011.png,3
jussi012.png,3
jussi013.png,4
jussi014.png,4
jussi015.png,4
jussi016.png,5
jussi017.png,5
jussi018.png,5
jussi019.png,6
jussi020.png,6
jussi021.png,6
jussi022.png,7
jussi023.png,7
jussi024.png,7
jussi025.png,8
jussi026.png,8
jussi027.png,8
jussi028.png,9
jussi029.png,9
jussi030.png,9
leo001.png, 1
leo002.png, 1
leo003.png, 1
leo004.png, 2
leo005.png, 2
leo006.png, 2
leo007.png, 3
leo008.png, 3
leo009.png, 3
leo010.png, 4
leo011.png, 4
leo012.png, 4
leo013.png, 5
leo014.png, 5
leo015.png, 5
leo016.png, 6
leo017.png, 6
leo018.png, 6
leo019.png, 7
leo020.png, 7
leo021.png, 7
leo022.png, 8
leo023.png, 8
leo024.png, 8
leo025.png, 9
leo026.png, 9
leo027.png, 9
leo028.png, 0
leo029.png, 0
leo030.png, 0
jun001.png,0
jun002.png,0
jun003.png,0
jun004.png,1
jun005.png,1
jun006.png,1
jun007.png,2
jun008.png,2
jun009.png,2
jun010.png,3
jun011.png,3
jun012.png,3
jun013.png,4
jun014.png,4
jun015.png,4
jun016.png,5
jun017.png,5
jun018.png,5
jun019.png,6
jun020.png,6
jun021.png,6
jun022.png,7
jun023.png,7
jun024.png,7
jun025.png,8
jun026.png,8
jun027.png,8
jun028.png,9
jun029.png,9
jun030.png,9
tolonen001.png, 0
tolonen002.png, 0
tolonen003.png, 0
tolonen004.png, 1
tolonen005.png, 1
tolonen006.png, 1
tolonen007.png, 2
tolonen008.png, 2
tolonen009.png, 2
tolonen010.png, 3
tolonen011.png, 3
tolonen012.png, 3
tolonen013.png, 4
tolonen014.png, 4
tolonen015.png, 4
tolonen016.png, 5
tolonen017.png, 5
tolonen018.png, 5
tolonen019.png, 6
tolonen020.png, 6
tolonen021.png, 6
tolonen022.png, 7
tolonen023.png, 7
tolonen024.png, 7
tolonen025.png, 8
tolonen026.png, 8
tolonen027.png, 8
tolonen028.png, 9
tolonen029.png, 9
tolonen030.png, 9
marcus001.png,0
marcus002.png,0
marcus003.png,0
marcus004.png,1
marcus005.png,1
marcus006.png,1
marcus007.png,2
marcus008.png,2
marcus009.png,2
marcus010.png,3
marcus011.png,3
marcus012.png,3
marcus013.png,4
marcus014.png,4
marcus015.png,4
marcus016.png,5
marcus017.png,5
marcus018.png,5
marcus019.png,6
marcus020.png,6
marcus021.png,6
marcus022.png,7
marcus023.png,7
marcus024.png,7
marcus025.png,8
marcus026.png,8
marcus027.png,8
marcus028.png,9
marcus029.png,9
marcus030.png,9
oikwan001.png,0
oikwan002.png,0
oikwan003.png,0
oikwan004.png,1
oikwan005.png,1
oikwan006.png,1
oikwan007.png,2
oikwan008.png,2
oikwan009.png,2
oikwan010.png,3
oikwan011.png,3
oikwan011.png,3
oikwan013.png,4
oikwan014.png,4
oikwan015.png,4
oikwan016.png,5
oikwan017.png,5
oikwan018.png,5
oikwan019.png,6
oikwan020.png,6
oikwan021.png,6
oikwan022.png,7
oikwan023.png,7
oikwan024.png,7
oikwan025.png,8
oikwan026.png,8
oikwan027.png,8
oikwan028.png,9
oikwan029.png,9
oikwan030.png,9
sinan001.png, 0
sinan002.png, 0
sinan003.png, 0
sinan004.png, 1
sinan005.png, 1
sinan006.png, 1
sinan007.png, 2
sinan008.png, 2
sinan009.png, 2
sinan010.png, 3
sinan011.png, 3
sinan012.png, 3
sinan013.png, 4
sinan014.png, 4
sinan015.png, 4
sinan016.png, 5
sinan017.png, 5
sinan018.png, 5
sinan019.png, 6 
sinan020.png, 6
sinan021.png, 6
sinan022.png, 7
sinan023.png, 7
sinan024.png, 7
sinan025.png, 8
sinan026.png, 8
sinan027.png, 8
sinan028.png, 9
sinan029.png, 9
sinan030.png, 9
nicolas001.png, 0
nicolas002.png, 0
nicolas003.png, 0
nicolas004.png, 1
nicolas005.png, 1
nicolas006.png, 1
nicolas007.png, 2
nicolas008.png, 2
nicolas009.png, 2
nicolas010.png, 3
nicolas011.png, 3
nicolas012.png, 3
nicolas013.png, 4
nicolas014.png, 4
nicolas015.png, 4
nicolas016.png, 5
nicolas017.png, 5
nicolas018.png, 5
nicolas019.png, 6
nicolas020.png, 6
nicolas021.png, 6
nicolas022.png, 7
nicolas023.png, 7
nicolas024.png, 7
nicolas025.png, 8
nicolas026.png, 8
nicolas027.png, 8
nicolas028.png, 9
nicolas029.png, 9
nicolas030.png, 9